method,geoid,indicator,anchor_year,target_year,horizon,actual,projected,ci90_low,ci90_high,sample_se,forecast_se,abs_pct_err,in_ci
carry_forward,15001,B19013_001E,2015,2017,2,57545.00,60033.00,54413.00,65653.00,3416.41,0.00,0.043236,1
carry_forward,15001,B19013_001E,2016,2018,2,57571.00,55750.00,52368.00,59132.00,2055.93,0.00,0.031631,1
carry_forward,15001,B19013_001E,2017,2019,2,67075.00,57545.00,53421.00,61669.00,2506.99,0.00,0.142080,0
carry_forward,15001,B19013_001E,2019,2021,2,69473.00,67075.00,62271.00,71879.00,2920.36,0.00,0.034517,1
carry_forward,15001,B19013_001E,2021,2023,2,74580.00,69473.00,64573.00,74373.00,2978.72,0.00,0.068477,0
carry_forward,15001,B19013_001E,2022,2024,2,75465.00,72568.00,66675.00,78461.00,3582.37,0.00,0.038389,1
carry_forward,15003,B19013_001E,2015,2017,2,81284.00,77273.00,75379.00,79167.00,1151.37,0.00,0.049346,0
carry_forward,15003,B19013_001E,2016,2018,2,84423.00,80513.00,78842.00,82184.00,1015.81,0.00,0.046314,0
carry_forward,15003,B19013_001E,2017,2019,2,87470.00,81284.00,79751.00,82817.00,931.91,0.00,0.070721,0
carry_forward,15003,B19013_001E,2019,2021,2,90704.00,87470.00,85273.00,89667.00,1335.56,0.00,0.035654,0
carry_forward,15003,B19013_001E,2021,2023,2,103131.00,90704.00,88393.00,93015.00,1404.86,0.00,0.120497,0
carry_forward,15003,B19013_001E,2022,2024,2,105205.00,96580.00,94825.00,98335.00,1066.87,0.00,0.081983,0
carry_forward,15007,B19013_001E,2015,2017,2,83860.00,77140.00,71877.00,82403.00,3199.39,0.00,0.080134,0
carry_forward,15007,B19013_001E,2016,2018,2,80921.00,71344.00,60745.00,81943.00,6443.16,0.00,0.118350,1
carry_forward,15007,B19013_001E,2017,2019,2,81971.00,83860.00,76777.00,90943.00,4305.78,0.00,0.023045,1
carry_forward,15007,B19013_001E,2019,2021,2,80582.00,81971.00,69240.00,94702.00,7739.21,0.00,0.017237,1
carry_forward,15007,B19013_001E,2021,2023,2,103564.00,80582.00,72577.00,88587.00,4866.26,0.00,0.221911,0
carry_forward,15007,B19013_001E,2022,2024,2,98128.00,87730.00,76683.00,98777.00,6715.50,0.00,0.105964,1
carry_forward,15009,B19013_001E,2015,2017,2,80241.00,70497.00,67369.00,73625.00,1901.52,0.00,0.121434,0
carry_forward,15009,B19013_001E,2016,2018,2,82885.00,72257.00,67558.00,76956.00,2856.53,0.00,0.128226,0
carry_forward,15009,B19013_001E,2017,2019,2,80754.00,80241.00,75270.00,85212.00,3021.88,0.00,0.006353,1
carry_forward,15009,B19013_001E,2019,2021,2,76273.00,80754.00,73545.00,87963.00,4382.37,0.00,0.058749,1
carry_forward,15009,B19013_001E,2021,2023,2,83691.00,76273.00,69673.00,82873.00,4012.16,0.00,0.088636,0
carry_forward,15009,B19013_001E,2022,2024,2,101192.00,94760.00,85984.00,103536.00,5334.95,0.00,0.063562,1
carry_forward,15001,B25058_001E,2015,2017,2,963.00,966.00,902.00,1030.00,38.91,0.00,0.003115,1
carry_forward,15001,B25058_001E,2016,2018,2,999.00,987.00,905.00,1069.00,49.85,0.00,0.012012,1
carry_forward,15001,B25058_001E,2017,2019,2,1057.00,963.00,895.00,1031.00,41.34,0.00,0.088931,0
carry_forward,15001,B25058_001E,2019,2021,2,1149.00,1057.00,959.00,1155.00,59.57,0.00,0.080070,1
carry_forward,15001,B25058_001E,2021,2023,2,1305.00,1149.00,1063.00,1235.00,52.28,0.00,0.119540,0
carry_forward,15001,B25058_001E,2022,2024,2,1459.00,1115.00,1042.00,1188.00,44.38,0.00,0.235778,0
carry_forward,15003,B25058_001E,2015,2017,2,1592.00,1495.00,1444.00,1546.00,31.00,0.00,0.060930,0
carry_forward,15003,B25058_001E,2016,2018,2,1593.00,1489.00,1448.00,1530.00,24.92,0.00,0.065286,0
carry_forward,15003,B25058_001E,2017,2019,2,1647.00,1592.00,1547.00,1637.00,27.36,0.00,0.033394,0
carry_forward,15003,B25058_001E,2019,2021,2,1771.00,1647.00,1593.00,1701.00,32.83,0.00,0.070017,0
carry_forward,15003,B25058_001E,2021,2023,2,1853.00,1771.00,1721.00,1821.00,30.40,0.00,0.044253,0
carry_forward,15003,B25058_001E,2022,2024,2,1856.00,1738.00,1691.00,1785.00,28.57,0.00,0.063578,0
carry_forward,15007,B25058_001E,2015,2017,2,1258.00,1104.00,996.00,1212.00,65.65,0.00,0.122417,0
carry_forward,15007,B25058_001E,2016,2018,2,1184.00,1183.00,1089.00,1277.00,57.14,0.00,0.000845,1
carry_forward,15007,B25058_001E,2017,2019,2,1179.00,1258.00,1159.00,1357.00,60.18,0.00,0.067006,1
carry_forward,15007,B25058_001E,2019,2021,2,1478.00,1179.00,1087.00,1271.00,55.93,0.00,0.202300,0
carry_forward,15007,B25058_001E,2021,2023,2,1692.00,1478.00,1262.00,1694.00,131.31,0.00,0.126478,1
carry_forward,15007,B25058_001E,2022,2024,2,1691.00,1636.00,1459.00,1813.00,107.60,0.00,0.032525,1
carry_forward,15009,B25058_001E,2015,2017,2,1247.00,1284.00,1202.00,1366.00,49.85,0.00,0.029671,1
carry_forward,15009,B25058_001E,2016,2018,2,1515.00,1163.00,1114.00,1212.00,29.79,0.00,0.232343,0
carry_forward,15009,B25058_001E,2017,2019,2,1506.00,1247.00,1174.00,1320.00,44.38,0.00,0.171979,0
carry_forward,15009,B25058_001E,2019,2021,2,1422.00,1506.00,1384.00,1628.00,74.16,0.00,0.059072,1
carry_forward,15009,B25058_001E,2021,2023,2,1666.00,1422.00,1274.00,1570.00,89.97,0.00,0.146459,0
carry_forward,15009,B25058_001E,2022,2024,2,1802.00,1464.00,1293.00,1635.00,103.95,0.00,0.187569,0
carry_forward,15001,B25064_001E,2015,2017,2,1107.00,1107.00,1059.00,1155.00,29.18,0.00,0.000000,1
carry_forward,15001,B25064_001E,2016,2018,2,1126.00,1170.00,1092.00,1248.00,47.42,0.00,0.039076,1
carry_forward,15001,B25064_001E,2017,2019,2,1215.00,1107.00,1027.00,1187.00,48.63,0.00,0.088889,0
carry_forward,15001,B25064_001E,2019,2021,2,1328.00,1215.00,1134.00,1296.00,49.24,0.00,0.085090,0
carry_forward,15001,B25064_001E,2021,2023,2,1492.00,1328.00,1236.00,1420.00,55.93,0.00,0.109920,0
carry_forward,15001,B25064_001E,2022,2024,2,1645.00,1292.00,1171.00,1413.00,73.56,0.00,0.214590,0
carry_forward,15003,B25064_001E,2015,2017,2,1712.00,1638.00,1591.00,1685.00,28.57,0.00,0.043224,0
carry_forward,15003,B25064_001E,2016,2018,2,1726.00,1621.00,1574.00,1668.00,28.57,0.00,0.060834,0
carry_forward,15003,B25064_001E,2017,2019,2,1774.00,1712.00,1671.00,1753.00,24.92,0.00,0.034949,0
carry_forward,15003,B25064_001E,2019,2021,2,1884.00,1774.00,1717.00,1831.00,34.65,0.00,0.058386,0
carry_forward,15003,B25064_001E,2021,2023,2,2033.00,1884.00,1838.00,1930.00,27.96,0.00,0.073291,0
carry_forward,15003,B25064_001E,2022,2024,2,2001.00,1914.00,1868.00,1960.00,27.96,0.00,0.043478,0
carry_forward,15007,B25064_001E,2015,2017,2,1416.00,1250.00,1126.00,1374.00,75.38,0.00,0.117232,0
carry_forward,15007,B25064_001E,2016,2018,2,1346.00,1388.00,1254.00,1522.00,81.46,0.00,0.031204,1
carry_forward,15007,B25064_001E,2017,2019,2,1326.00,1416.00,1275.00,1557.00,85.71,0.00,0.067873,1
carry_forward,15007,B25064_001E,2019,2021,2,1639.00,1326.00,1138.00,1514.00,114.29,0.00,0.190970,0
carry_forward,15007,B25064_001E,2021,2023,2,1816.00,1639.00,1313.00,1965.00,198.18,0.00,0.097467,1
carry_forward,15007,B25064_001E,2022,2024,2,1866.00,1847.00,1648.00,2046.00,120.97,0.00,0.010182,1
carry_forward,15009,B25064_001E,2015,2017,2,1421.00,1418.00,1348.00,1488.00,42.55,0.00,0.002111,1
carry_forward,15009,B25064_001E,2016,2018,2,1669.00,1254.00,1177.00,1331.00,46.81,0.00,0.248652,0
carry_forward,15009,B25064_001E,2017,2019,2,1615.00,1421.00,1342.00,1500.00,48.02,0.00,0.120124,0
carry_forward,15009,B25064_001E,2019,2021,2,1592.00,1615.00,1504.00,1726.00,67.48,0.00,0.014447,1
carry_forward,15009,B25064_001E,2021,2023,2,1828.00,1592.00,1460.00,1724.00,80.24,0.00,0.129103,0
carry_forward,15009,B25064_001E,2022,2024,2,1944.00,1662.00,1547.00,1777.00,69.91,0.00,0.145062,0
carry_forward,15001,B25077_001E,2015,2017,2,344800.00,321400.00,302891.00,339909.00,11251.67,0.00,0.067865,0
carry_forward,15001,B25077_001E,2016,2018,2,368200.00,325000.00,309206.00,340794.00,9601.22,0.00,0.117328,0
carry_forward,15001,B25077_001E,2017,2019,2,381000.00,344800.00,326728.00,362872.00,10986.02,0.00,0.095013,0
carry_forward,15001,B25077_001E,2019,2021,2,472800.00,381000.00,362869.00,399131.00,11021.88,0.00,0.194162,0
carry_forward,15001,B25077_001E,2021,2023,2,528800.00,472800.00,446632.00,498968.00,15907.60,0.00,0.105900,0
carry_forward,15001,B25077_001E,2022,2024,2,580100.00,535600.00,497802.00,573398.00,22977.51,0.00,0.076711,0
carry_forward,15003,B25077_001E,2015,2017,2,680200.00,629900.00,622217.00,637583.00,4670.52,0.00,0.073949,0
carry_forward,15003,B25077_001E,2016,2018,2,701200.00,658900.00,649411.00,668389.00,5768.39,0.00,0.060325,0
carry_forward,15003,B25077_001E,2017,2019,2,739700.00,680200.00,670150.00,690250.00,6109.42,0.00,0.080438,0
carry_forward,15003,B25077_001E,2019,2021,2,781600.00,739700.00,725191.00,754209.00,8820.06,0.00,0.053608,0
carry_forward,15003,B25077_001E,2021,2023,2,899300.00,781600.00,766770.00,796430.00,9015.20,0.00,0.130880,0
carry_forward,15003,B25077_001E,2022,2024,2,920600.00,874500.00,861370.00,887630.00,7981.76,0.00,0.050076,0
carry_forward,15007,B25077_001E,2015,2017,2,560600.00,495900.00,470467.00,521333.00,15460.79,0.00,0.115412,0
carry_forward,15007,B25077_001E,2016,2018,2,627800.00,558000.00,515922.00,600078.00,25579.33,0.00,0.111182,0
carry_forward,15007,B25077_001E,2017,2019,2,622300.00,560600.00,522029.00,599171.00,23447.42,0.00,0.099148,0
carry_forward,15007,B25077_001E,2019,2021,2,695100.00,622300.00,599200.00,645400.00,14042.55,0.00,0.104733,0
carry_forward,15007,B25077_001E,2021,2023,2,888500.00,695100.00,665701.00,724499.00,17871.73,0.00,0.217670,0
carry_forward,15007,B25077_001E,2022,2024,2,939500.00,854600.00,816114.00,893086.00,23395.74,0.00,0.090367,0
carry_forward,15009,B25077_001E,2015,2017,2,641500.00,569300.00,541637.00,596963.00,16816.41,0.00,0.112549,0
carry_forward,15009,B25077_001E,2016,2018,2,629500.00,600800.00,578463.00,623137.00,13578.72,0.00,0.045592,0
carry_forward,15009,B25077_001E,2017,2019,2,697900.00,641500.00,619981.00,663019.00,13081.46,0.00,0.080814,0
carry_forward,15009,B25077_001E,2019,2021,2,744400.00,697900.00,669954.00,725846.00,16988.45,0.00,0.062466,0
carry_forward,15009,B25077_001E,2021,2023,2,934500.00,744400.00,704162.00,784638.00,24460.79,0.00,0.203424,0
carry_forward,15009,B25077_001E,2022,2024,2,1061300.00,922700.00,886786.00,958614.00,21832.22,0.00,0.130595,0
linear_log,15001,B19013_001E,2015,2017,2,57545.00,61873.41,52424.67,71322.15,3521.15,4538.07,0.075218,1
linear_log,15001,B19013_001E,2016,2018,2,57571.00,62117.89,53925.23,70310.54,2290.76,4422.23,0.078979,1
linear_log,15001,B19013_001E,2017,2019,2,67075.00,63099.84,54790.71,71408.96,2748.99,4237.58,0.059264,1
linear_log,15001,B19013_001E,2019,2021,2,69473.00,68094.37,58722.23,77466.50,2964.75,4865.19,0.019844,1
linear_log,15001,B19013_001E,2021,2023,2,74580.00,73852.16,64109.47,83594.84,3166.48,5005.06,0.009759,1
linear_log,15001,B19013_001E,2022,2024,2,75465.00,77216.63,66881.39,87551.87,3811.85,4994.36,0.023211,1
linear_log,15003,B19013_001E,2015,2017,2,81284.00,81540.35,76564.15,86516.55,1214.95,2770.34,0.003154,1
linear_log,15003,B19013_001E,2016,2018,2,84423.00,84770.51,80073.14,89467.87,1069.52,2647.69,0.004116,1
linear_log,15003,B19013_001E,2017,2019,2,87470.00,86734.74,82284.95,91184.54,994.41,2515.63,0.008406,1
linear_log,15003,B19013_001E,2019,2021,2,90704.00,92322.23,87832.31,96812.16,1409.65,2337.24,0.017841,1
linear_log,15003,B19013_001E,2021,2023,2,103131.00,97105.46,92440.95,101769.96,1504.01,2403.83,0.058426,0
linear_log,15003,B19013_001E,2022,2024,2,105205.00,100864.23,96332.64,105395.81,1114.19,2519.38,0.041260,1
linear_log,15007,B19013_001E,2015,2017,2,83860.00,79641.14,66889.98,92392.31,3303.13,7012.46,0.050308,1
linear_log,15007,B19013_001E,2016,2018,2,80921.00,80886.79,64570.07,97203.50,7304.98,6709.94,0.000423,1
linear_log,15007,B19013_001E,2017,2019,2,81971.00,89087.20,74627.15,103547.25,4574.16,7506.43,0.086814,1
linear_log,15007,B19013_001E,2019,2021,2,80582.00,94210.78,75107.88,113313.67,8894.82,7465.73,0.169129,1
linear_log,15007,B19013_001E,2021,2023,2,103564.00,96319.60,78537.94,114101.27,5816.64,9111.12,0.069951,1
linear_log,15007,B19013_001E,2022,2024,2,98128.00,98212.58,78902.32,117522.83,7517.92,9015.51,0.000862,1
linear_log,15009,B19013_001E,2015,2017,2,80241.00,74249.28,69166.42,79332.15,2002.73,2352.97,0.074672,0
linear_log,15009,B19013_001E,2016,2018,2,82885.00,77016.96,70845.32,83188.59,3044.71,2192.12,0.070797,1
linear_log,15009,B19013_001E,2017,2019,2,80754.00,83165.09,75462.61,90867.57,3132.01,3480.67,0.029857,1
linear_log,15009,B19013_001E,2019,2021,2,76273.00,90040.88,79776.93,100304.84,4886.35,3880.04,0.180508,0
linear_log,15009,B19013_001E,2021,2023,2,83691.00,90025.76,76604.35,103447.17,4735.59,6643.95,0.075692,1
linear_log,15009,B19013_001E,2022,2024,2,101192.00,96053.30,81070.40,111036.20,5407.77,7329.01,0.050782,1
linear_log,15001,B25058_001E,2015,2017,2,963.00,995.27,863.81,1126.74,40.08,69.14,0.033514,1
linear_log,15001,B25058_001E,2016,2018,2,999.00,1040.35,902.27,1178.43,52.54,65.46,0.041392,1
linear_log,15001,B25058_001E,2017,2019,2,1057.00,1046.29,918.19,1174.38,44.91,63.61,0.010135,1
linear_log,15001,B25058_001E,2019,2021,2,1149.00,1104.85,963.45,1246.26,62.27,59.26,0.038422,1
linear_log,15001,B25058_001E,2021,2023,2,1305.00,1190.76,1054.50,1327.01,54.18,62.65,0.087544,1
linear_log,15001,B25058_001E,2022,2024,2,1459.00,1209.44,1079.77,1339.10,48.14,62.42,0.171050,0
linear_log,15003,B25058_001E,2015,2017,2,1592.00,1623.35,1566.53,1680.17,33.66,7.74,0.019694,1
linear_log,15003,B25058_001E,2016,2018,2,1593.00,1635.76,1561.08,1710.44,27.38,36.21,0.026842,1
linear_log,15003,B25058_001E,2017,2019,2,1647.00,1700.30,1625.56,1775.04,29.22,34.80,0.032362,1
linear_log,15003,B25058_001E,2019,2021,2,1771.00,1777.28,1689.16,1865.39,35.42,40.18,0.003543,1
linear_log,15003,B25058_001E,2021,2023,2,1853.00,1891.63,1806.38,1976.89,32.47,40.40,0.020850,1
linear_log,15003,B25058_001E,2022,2024,2,1856.00,1911.61,1809.39,2013.84,31.43,53.61,0.029964,1
linear_log,15007,B25058_001E,2015,2017,2,1258.00,1046.35,749.76,1342.93,62.22,169.21,0.168247,1
linear_log,15007,B25058_001E,2016,2018,2,1184.00,1143.83,836.56,1451.11,55.25,178.44,0.033926,1
linear_log,15007,B25058_001E,2017,2019,2,1179.00,1242.03,918.91,1565.16,59.42,187.23,0.053461,1
linear_log,15007,B25058_001E,2019,2021,2,1478.00,1268.20,975.69,1560.72,60.16,167.34,0.141947,1
linear_log,15007,B25058_001E,2021,2023,2,1692.00,1427.33,1044.39,1810.26,126.81,195.22,0.156426,1
linear_log,15007,B25058_001E,2022,2024,2,1691.00,1573.14,1164.85,1981.43,103.46,225.61,0.069696,1
linear_log,15009,B25058_001E,2015,2017,2,1247.00,1238.28,1062.94,1413.63,48.07,95.14,0.006989,1
linear_log,15009,B25058_001E,2016,2018,2,1515.00,1218.80,1065.48,1372.12,31.22,87.82,0.195511,0
linear_log,15009,B25058_001E,2017,2019,2,1506.00,1256.66,1099.03,1414.29,44.72,84.75,0.165566,0
linear_log,15009,B25058_001E,2019,2021,2,1422.00,1512.16,1223.36,1800.97,74.47,158.99,0.063407,1
linear_log,15009,B25058_001E,2021,2023,2,1666.00,1565.76,1257.22,1874.31,99.07,159.27,0.060166,1
linear_log,15009,B25058_001E,2022,2024,2,1802.00,1587.35,1272.39,1902.32,112.71,154.78,0.119116,1
linear_log,15001,B25064_001E,2015,2017,2,1107.00,1184.95,1071.38,1298.52,31.23,61.57,0.070412,1
linear_log,15001,B25064_001E,2016,2018,2,1126.00,1242.00,1114.54,1369.46,50.33,58.91,0.103020,1
linear_log,15001,B25064_001E,2017,2019,2,1215.00,1228.20,1084.76,1371.65,53.96,68.50,0.010867,1
linear_log,15001,B25064_001E,2019,2021,2,1328.00,1266.38,1126.03,1406.73,51.32,68.16,0.046399,1
linear_log,15001,B25064_001E,2021,2023,2,1492.00,1363.59,1210.47,1516.71,57.43,73.25,0.086067,1
linear_log,15001,B25064_001E,2022,2024,2,1645.00,1387.62,1211.85,1563.39,79.00,71.95,0.156462,0
linear_log,15003,B25064_001E,2015,2017,2,1712.00,1781.04,1723.33,1838.74,31.07,16.29,0.040325,0
linear_log,15003,B25064_001E,2016,2018,2,1726.00,1779.77,1684.36,1875.18,31.37,48.79,0.031152,1
linear_log,15003,B25064_001E,2017,2019,2,1774.00,1829.13,1741.50,1916.77,26.63,46.14,0.031079,1
linear_log,15003,B25064_001E,2019,2021,2,1884.00,1899.75,1799.50,2000.00,37.11,48.35,0.008359,1
linear_log,15003,B25064_001E,2021,2023,2,2033.00,2001.85,1908.38,2095.31,29.71,48.43,0.015324,1
linear_log,15003,B25064_001E,2022,2024,2,2001.00,2044.00,1950.12,2137.89,29.86,48.64,0.021492,1
linear_log,15007,B25064_001E,2015,2017,2,1416.00,1205.70,899.82,1511.57,72.71,171.14,0.148518,1
linear_log,15007,B25064_001E,2016,2018,2,1346.00,1329.83,991.65,1668.00,78.04,190.19,0.012017,1
linear_log,15007,B25064_001E,2017,2019,2,1326.00,1416.39,1071.29,1761.49,85.74,191.47,0.068167,1
linear_log,15007,B25064_001E,2019,2021,2,1639.00,1425.31,1079.73,1770.88,122.84,170.41,0.130380,1
linear_log,15007,B25064_001E,2021,2023,2,1816.00,1581.21,1130.56,2031.85,191.19,196.20,0.129292,1
linear_log,15007,B25064_001E,2022,2024,2,1866.00,1744.67,1313.74,2175.59,114.27,235.73,0.065024,1
linear_log,15009,B25064_001E,2015,2017,2,1421.00,1390.16,1191.08,1589.24,41.72,113.60,0.021705,1
linear_log,15009,B25064_001E,2016,2018,2,1669.00,1339.65,1139.75,1539.55,50.01,110.75,0.197335,0
linear_log,15009,B25064_001E,2017,2019,2,1615.00,1410.16,1205.54,1614.78,47.66,114.90,0.126834,0
linear_log,15009,B25064_001E,2019,2021,2,1592.00,1661.69,1355.89,1967.49,69.43,172.45,0.043775,1
linear_log,15009,B25064_001E,2021,2023,2,1828.00,1734.70,1417.37,2052.04,87.44,171.96,0.051037,1
linear_log,15009,B25064_001E,2022,2024,2,1944.00,1777.39,1475.86,2078.93,74.76,167.37,0.085702,1
linear_log,15001,B25077_001E,2015,2017,2,344800.00,308588.70,267501.88,349675.52,10803.17,22519.58,0.105021,1
linear_log,15001,B25077_001E,2016,2018,2,368200.00,321209.98,281054.13,361365.83,9489.25,22490.97,0.127621,0
linear_log,15001,B25077_001E,2017,2019,2,381000.00,339464.39,295018.36,383910.41,10816.01,24759.49,0.109017,1
linear_log,15001,B25077_001E,2019,2021,2,472800.00,382623.02,329437.54,435808.49,11068.84,30377.83,0.190730,0
linear_log,15001,B25077_001E,2021,2023,2,528800.00,445752.23,362443.07,529061.39,14997.56,48372.25,0.157049,1
linear_log,15001,B25077_001E,2022,2024,2,580100.00,505076.84,390724.25,619429.43,21668.05,66051.99,0.129328,1
linear_log,15003,B25077_001E,2015,2017,2,680200.00,642765.30,602266.37,683264.23,4765.91,24153.71,0.055035,1
linear_log,15003,B25077_001E,2016,2018,2,701200.00,680753.88,634306.07,727201.69,5959.71,27599.63,0.029159,1
linear_log,15003,B25077_001E,2017,2019,2,739700.00,712891.57,665841.31,759941.83,6403.05,27876.05,0.036242,1
linear_log,15003,B25077_001E,2019,2021,2,781600.00,777037.68,727967.01,826108.35,9265.27,28354.81,0.005837,1
linear_log,15003,B25077_001E,2021,2023,2,899300.00,834844.13,784922.61,884765.66,9629.33,28779.21,0.071673,0
linear_log,15003,B25077_001E,2022,2024,2,920600.00,893184.79,826825.03,959544.55,8152.30,39507.95,0.029780,1
linear_log,15007,B25077_001E,2015,2017,2,560600.00,492557.29,431500.61,553613.97,15356.57,33790.71,0.121375,0
linear_log,15007,B25077_001E,2016,2018,2,627800.00,538891.87,453079.11,624704.62,24703.39,45945.77,0.141619,0
linear_log,15007,B25077_001E,2017,2019,2,622300.00,566343.88,480836.62,651851.14,23687.66,46269.05,0.089918,1
linear_log,15007,B25077_001E,2019,2021,2,695100.00,646696.51,550509.71,742883.30,14593.07,56621.93,0.069635,1
linear_log,15007,B25077_001E,2021,2023,2,888500.00,713536.60,607290.15,819783.04,18345.76,61927.21,0.196920,0
linear_log,15007,B25077_001E,2022,2024,2,939500.00,806649.50,650758.67,962540.34,22083.04,92157.59,0.141406,1
linear_log,15009,B25077_001E,2015,2017,2,641500.00,513340.09,387823.83,638856.34,15163.43,74779.78,0.199782,0
linear_log,15009,B25077_001E,2016,2018,2,629500.00,565225.43,426132.09,704318.78,12774.70,83584.65,0.102104,1
linear_log,15009,B25077_001E,2017,2019,2,697900.00,618205.68,466465.50,769945.85,12606.44,91377.78,0.114192,1
linear_log,15009,B25077_001E,2019,2021,2,744400.00,691879.69,535075.13,848684.24,16841.90,93822.27,0.070554,1
linear_log,15009,B25077_001E,2021,2023,2,934500.00,760195.99,591661.98,928729.99,24979.84,99360.34,0.186521,0
linear_log,15009,B25077_001E,2022,2024,2,1061300.00,861270.19,647027.42,1075512.96,20378.71,128634.54,0.188476,1
damped_log_trend,15001,B19013_001E,2015,2017,2,57545.00,60883.70,47032.18,74735.22,3464.83,7674.48,0.058019,1
damped_log_trend,15001,B19013_001E,2016,2018,2,57571.00,59522.19,45329.31,73715.07,2195.04,8344.00,0.033892,1
damped_log_trend,15001,B19013_001E,2017,2019,2,67075.00,59776.78,46251.46,73302.11,2604.22,7798.76,0.108807,1
damped_log_trend,15001,B19013_001E,2019,2021,2,69473.00,67484.60,52215.29,82753.91,2938.20,8804.96,0.028621,1
damped_log_trend,15001,B19013_001E,2021,2023,2,74580.00,72051.12,56754.01,87348.22,3089.26,8771.01,0.033908,1
damped_log_trend,15001,B19013_001E,2022,2024,2,75465.00,75404.75,59938.07,90871.44,3722.41,8633.99,0.000798,1
damped_log_trend,15003,B19013_001E,2015,2017,2,81284.00,78641.26,68319.97,88962.55,1171.75,6163.96,0.032512,1
damped_log_trend,15003,B19013_001E,2016,2018,2,84423.00,82483.70,73073.01,91894.38,1040.67,5625.33,0.022971,1
damped_log_trend,15003,B19013_001E,2017,2019,2,87470.00,84036.27,74524.85,93547.68,963.47,5701.18,0.039256,1
damped_log_trend,15003,B19013_001E,2019,2021,2,90704.00,89997.95,81016.18,98979.72,1374.16,5284.29,0.007784,1
damped_log_trend,15003,B19013_001E,2021,2023,2,103131.00,93109.84,84056.01,102163.67,1442.13,5311.55,0.097169,0
damped_log_trend,15003,B19013_001E,2022,2024,2,105205.00,98593.02,89606.78,107579.27,1089.11,5353.10,0.062849,1
damped_log_trend,15007,B19013_001E,2015,2017,2,83860.00,79382.51,54300.49,104464.53,3292.40,14887.72,0.053392,1
damped_log_trend,15007,B19013_001E,2016,2018,2,80921.00,77504.05,52824.02,102184.08,6999.48,13270.23,0.042226,1
damped_log_trend,15007,B19013_001E,2017,2019,2,81971.00,87223.27,61673.94,112772.60,4478.46,14871.82,0.064075,1
damped_log_trend,15007,B19013_001E,2019,2021,2,80582.00,86303.15,61443.61,111162.69,8148.23,12727.31,0.070998,1
damped_log_trend,15007,B19013_001E,2021,2023,2,103564.00,84272.18,62787.28,105757.08,5089.11,12028.45,0.186279,1
damped_log_trend,15007,B19013_001E,2022,2024,2,98128.00,88666.64,65751.61,111581.67,6787.20,12164.78,0.096419,1
damped_log_trend,15009,B19013_001E,2015,2017,2,80241.00,72168.75,64557.48,79780.02,1946.61,4197.50,0.100600,0
damped_log_trend,15009,B19013_001E,2016,2018,2,82885.00,74826.63,66791.58,82861.69,2958.12,3886.93,0.097223,0
damped_log_trend,15009,B19013_001E,2017,2019,2,80754.00,82618.16,73023.42,92212.90,3111.41,4933.47,0.023084,1
damped_log_trend,15009,B19013_001E,2019,2021,2,76273.00,85750.60,72869.51,98631.69,4653.53,6297.67,0.124259,1
damped_log_trend,15009,B19013_001E,2021,2023,2,83691.00,80856.43,64951.68,96761.18,4253.26,8682.77,0.033869,1
damped_log_trend,15009,B19013_001E,2022,2024,2,101192.00,94359.26,72791.53,115926.98,5312.39,11986.61,0.067523,1
damped_log_trend,15001,B25058_001E,2015,2017,2,963.00,967.51,749.04,1185.99,38.97,126.96,0.004687,1
damped_log_trend,15001,B25058_001E,2016,2018,2,999.00,1019.01,800.22,1237.80,51.46,122.64,0.020027,1
damped_log_trend,15001,B25058_001E,2017,2019,2,1057.00,1005.67,771.86,1239.47,43.17,135.42,0.048566,1
damped_log_trend,15001,B25058_001E,2019,2021,2,1149.00,1077.63,845.13,1310.13,60.74,127.62,0.062112,1
damped_log_trend,15001,B25058_001E,2021,2023,2,1305.00,1162.56,934.06,1391.05,52.90,128.43,0.109153,1
damped_log_trend,15001,B25058_001E,2022,2024,2,1459.00,1153.42,927.04,1379.80,45.91,129.73,0.209447,0
damped_log_trend,15003,B25058_001E,2015,2017,2,1592.00,1554.93,1488.89,1620.97,32.25,23.92,0.023284,1
damped_log_trend,15003,B25058_001E,2016,2018,2,1593.00,1551.26,1455.23,1647.29,25.97,52.29,0.026201,1
damped_log_trend,15003,B25058_001E,2017,2019,2,1647.00,1630.33,1522.80,1737.86,28.01,59.06,0.010121,1
damped_log_trend,15003,B25058_001E,2019,2021,2,1771.00,1691.20,1584.79,1797.62,33.71,55.22,0.045057,1
damped_log_trend,15003,B25058_001E,2021,2023,2,1853.00,1793.01,1676.67,1909.35,30.77,63.68,0.032375,1
damped_log_trend,15003,B25058_001E,2022,2024,2,1856.00,1786.69,1665.76,1907.61,29.37,67.39,0.037345,1
damped_log_trend,15007,B25058_001E,2015,2017,2,1258.00,1076.93,466.47,1687.39,64.04,365.53,0.143937,1
damped_log_trend,15007,B25058_001E,2016,2018,2,1184.00,1189.84,530.15,1849.54,57.47,396.89,0.004936,1
damped_log_trend,15007,B25058_001E,2017,2019,2,1179.00,1300.10,620.08,1980.11,62.20,408.68,0.102711,1
damped_log_trend,15007,B25058_001E,2019,2021,2,1478.00,1218.56,681.42,1755.70,57.80,321.37,0.175536,1
damped_log_trend,15007,B25058_001E,2021,2023,2,1692.00,1424.61,734.46,2114.75,126.56,400.00,0.158035,1
damped_log_trend,15007,B25058_001E,2022,2024,2,1691.00,1670.61,877.58,2463.64,109.88,469.40,0.012058,1
damped_log_trend,15009,B25058_001E,2015,2017,2,1247.00,1251.70,974.25,1529.16,48.59,161.51,0.003773,1
damped_log_trend,15009,B25058_001E,2016,2018,2,1515.00,1205.91,919.33,1492.49,30.89,171.45,0.204021,0
damped_log_trend,15009,B25058_001E,2017,2019,2,1506.00,1257.24,985.14,1529.33,44.74,159.24,0.165182,1
damped_log_trend,15009,B25058_001E,2019,2021,2,1422.00,1611.62,1212.46,2010.78,79.37,229.31,0.133347,1
damped_log_trend,15009,B25058_001E,2021,2023,2,1666.00,1553.71,1098.74,2008.68,98.30,258.52,0.067401,1
damped_log_trend,15009,B25058_001E,2022,2024,2,1802.00,1518.13,1076.73,1959.53,107.79,245.72,0.157531,1
damped_log_trend,15001,B25064_001E,2015,2017,2,1107.00,1134.93,912.74,1357.11,29.92,131.71,0.025228,1
damped_log_trend,15001,B25064_001E,2016,2018,2,1126.00,1203.27,987.56,1418.98,48.76,121.73,0.068622,1
damped_log_trend,15001,B25064_001E,2017,2019,2,1215.00,1158.37,906.71,1410.03,50.89,144.27,0.046608,1
damped_log_trend,15001,B25064_001E,2019,2021,2,1328.00,1220.57,981.60,1459.55,49.47,136.59,0.080893,1
damped_log_trend,15001,B25064_001E,2021,2023,2,1492.00,1329.59,1077.55,1581.62,55.99,142.62,0.108857,1
damped_log_trend,15001,B25064_001E,2022,2024,2,1645.00,1332.38,1070.38,1594.38,75.86,140.05,0.190044,0
damped_log_trend,15003,B25064_001E,2015,2017,2,1712.00,1705.63,1643.51,1767.76,29.75,23.26,0.003719,1
damped_log_trend,15003,B25064_001E,2016,2018,2,1726.00,1685.00,1575.04,1794.95,29.70,59.88,0.023757,1
damped_log_trend,15003,B25064_001E,2017,2019,2,1774.00,1746.31,1636.30,1856.33,25.42,61.86,0.015608,1
damped_log_trend,15003,B25064_001E,2019,2021,2,1884.00,1813.29,1706.22,1920.37,35.42,54.61,0.037529,1
damped_log_trend,15003,B25064_001E,2021,2023,2,2033.00,1904.59,1792.23,2016.96,28.27,62.18,0.063160,0
damped_log_trend,15003,B25064_001E,2022,2024,2,2001.00,1954.22,1844.53,2063.91,28.55,60.26,0.023377,1
damped_log_trend,15007,B25064_001E,2015,2017,2,1416.00,1236.90,610.96,1862.84,74.59,373.13,0.126481,1
damped_log_trend,15007,B25064_001E,2016,2018,2,1346.00,1386.52,654.25,2118.80,81.37,437.65,0.030107,1
damped_log_trend,15007,B25064_001E,2017,2019,2,1326.00,1468.39,747.07,2189.71,88.89,429.39,0.107382,1
damped_log_trend,15007,B25064_001E,2019,2021,2,1639.00,1361.57,779.36,1943.78,117.35,333.91,0.169268,1
damped_log_trend,15007,B25064_001E,2021,2023,2,1816.00,1572.53,818.33,2326.73,190.14,417.19,0.134068,1
damped_log_trend,15007,B25064_001E,2022,2024,2,1866.00,1870.83,1008.78,2732.88,122.53,509.52,0.002589,1
damped_log_trend,15009,B25064_001E,2015,2017,2,1421.00,1386.30,1056.34,1716.26,41.60,196.22,0.024421,1
damped_log_trend,15009,B25064_001E,2016,2018,2,1669.00,1303.59,919.35,1687.84,48.66,228.46,0.218937,1
damped_log_trend,15009,B25064_001E,2017,2019,2,1615.00,1416.88,1040.14,1793.63,47.89,223.96,0.122672,1
damped_log_trend,15009,B25064_001E,2019,2021,2,1592.00,1735.43,1270.11,2200.75,72.51,273.42,0.090094,1
damped_log_trend,15009,B25064_001E,2021,2023,2,1828.00,1710.56,1214.21,2206.91,86.22,289.15,0.064243,1
damped_log_trend,15009,B25064_001E,2022,2024,2,1944.00,1717.29,1244.23,2190.34,72.23,278.35,0.116622,1
damped_log_trend,15001,B25077_001E,2015,2017,2,344800.00,314012.68,260044.68,367980.69,10993.05,30910.70,0.089290,1
damped_log_trend,15001,B25077_001E,2016,2018,2,368200.00,328836.68,278709.28,378964.09,9714.56,28882.62,0.106907,1
damped_log_trend,15001,B25077_001E,2017,2019,2,381000.00,351523.39,302612.72,400434.06,11200.24,27542.73,0.077366,1
damped_log_trend,15001,B25077_001E,2019,2021,2,472800.00,399216.97,350003.14,448430.80,11548.88,27598.25,0.155632,0
damped_log_trend,15001,B25077_001E,2021,2023,2,528800.00,473712.06,400419.23,547004.89,15938.29,41606.62,0.104175,1
damped_log_trend,15001,B25077_001E,2022,2024,2,580100.00,560769.73,466147.72,655391.74,24057.30,52248.53,0.033322,1
damped_log_trend,15003,B25077_001E,2015,2017,2,680200.00,634365.35,574057.20,694673.51,4703.63,36358.51,0.067384,1
damped_log_trend,15003,B25077_001E,2016,2018,2,701200.00,676817.61,620124.16,733511.05,5925.25,33950.93,0.034772,1
damped_log_trend,15003,B25077_001E,2017,2019,2,739700.00,707363.74,652172.52,762554.96,6353.40,32943.84,0.043715,1
damped_log_trend,15003,B25077_001E,2019,2021,2,781600.00,767697.53,711529.11,823865.94,9153.90,32895.02,0.017787,1
damped_log_trend,15003,B25077_001E,2021,2023,2,899300.00,807719.13,750277.33,865160.92,9316.46,33653.26,0.101836,0
damped_log_trend,15003,B25077_001E,2022,2024,2,920600.00,897245.66,821532.94,972958.39,8189.37,45291.55,0.025369,1
damped_log_trend,15007,B25077_001E,2015,2017,2,560600.00,495094.71,390497.77,599691.64,15435.68,61682.75,0.116849,1
damped_log_trend,15007,B25077_001E,2016,2018,2,627800.00,556443.37,431556.07,681330.67,25507.97,71505.86,0.113661,1
damped_log_trend,15007,B25077_001E,2017,2019,2,622300.00,581877.82,464555.49,699200.15,24337.37,67039.65,0.064956,1
damped_log_trend,15007,B25077_001E,2019,2021,2,695100.00,662308.71,542470.71,782146.70,14945.37,71300.32,0.047175,1
damped_log_trend,15007,B25077_001E,2021,2023,2,888500.00,717382.35,595099.34,839665.37,18444.63,72011.55,0.192592,0
damped_log_trend,15007,B25077_001E,2022,2024,2,939500.00,877362.68,694192.18,1060533.19,24018.90,108728.48,0.066139,1
damped_log_trend,15009,B25077_001E,2015,2017,2,641500.00,549024.11,368873.79,729174.43,16217.49,108306.42,0.144156,1
damped_log_trend,15009,B25077_001E,2016,2018,2,629500.00,609880.88,436404.54,783357.21,13783.96,104552.03,0.031166,1
damped_log_trend,15009,B25077_001E,2017,2019,2,697900.00,668507.29,498988.44,838026.14,13632.19,102145.32,0.042116,1
damped_log_trend,15009,B25077_001E,2019,2021,2,744400.00,725759.98,552165.35,899354.62,17666.62,104039.35,0.025040,1
damped_log_trend,15009,B25077_001E,2021,2023,2,934500.00,775884.34,597643.41,954125.28,25495.36,105310.93,0.169733,1
damped_log_trend,15009,B25077_001E,2022,2024,2,1061300.00,947943.08,718114.60,1177771.55,22429.50,137901.19,0.106810,1
ar1_log_diff,15001,B19013_001E,2015,2017,2,57545.00,66156.56,49465.45,82847.68,3764.90,9422.23,0.149649,1
ar1_log_diff,15001,B19013_001E,2016,2018,2,57571.00,61989.43,49474.81,74504.04,2286.02,7256.08,0.076747,1
ar1_log_diff,15001,B19013_001E,2017,2019,2,67075.00,61537.43,48233.42,74841.44,2680.92,7630.27,0.082558,1
ar1_log_diff,15001,B19013_001E,2019,2021,2,69473.00,70451.12,55954.55,84947.69,3067.36,8261.45,0.014079,1
ar1_log_diff,15001,B19013_001E,2021,2023,2,74580.00,75959.91,60791.77,91128.06,3256.86,8626.43,0.018502,1
ar1_log_diff,15001,B19013_001E,2022,2024,2,75465.00,78738.33,63578.72,93897.94,3886.97,8355.72,0.043376,1
ar1_log_diff,15003,B19013_001E,2015,2017,2,81284.00,82577.95,78042.98,87112.93,1230.41,2467.01,0.015919,1
ar1_log_diff,15003,B19013_001E,2016,2018,2,84423.00,86147.16,82104.40,90189.92,1086.89,2204.20,0.020423,1
ar1_log_diff,15003,B19013_001E,2017,2019,2,87470.00,87120.99,82971.48,91270.50,998.84,2316.32,0.003990,1
ar1_log_diff,15003,B19013_001E,2019,2021,2,90704.00,93192.99,89049.82,97336.16,1422.95,2078.17,0.027441,1
ar1_log_diff,15003,B19013_001E,2021,2023,2,103131.00,96843.47,92619.07,101067.87,1499.95,2084.44,0.060966,0
ar1_log_diff,15003,B19013_001E,2022,2024,2,105205.00,102339.85,97951.91,106727.78,1130.50,2416.03,0.027234,1
ar1_log_diff,15007,B19013_001E,2015,2017,2,83860.00,90144.80,56249.39,124040.21,3738.77,20263.08,0.074944,1
ar1_log_diff,15007,B19013_001E,2016,2018,2,80921.00,80376.41,56957.79,103795.02,7258.89,12246.60,0.006730,1
ar1_log_diff,15007,B19013_001E,2017,2019,2,81971.00,90355.34,69874.24,110836.44,4639.28,11553.89,0.102284,1
ar1_log_diff,15007,B19013_001E,2019,2021,2,80582.00,89629.97,67249.47,112010.46,8462.32,10653.15,0.112283,1
ar1_log_diff,15007,B19013_001E,2021,2023,2,103564.00,87638.18,68743.94,106532.42,5292.38,10193.91,0.153778,1
ar1_log_diff,15007,B19013_001E,2022,2024,2,98128.00,93561.91,73141.79,113982.03,7161.92,10139.06,0.046532,1
ar1_log_diff,15009,B19013_001E,2015,2017,2,80241.00,76040.92,68441.09,83640.76,2051.06,4139.71,0.052343,1
ar1_log_diff,15009,B19013_001E,2016,2018,2,82885.00,77733.32,70124.29,85342.34,3073.03,3457.19,0.062155,1
ar1_log_diff,15009,B19013_001E,2017,2019,2,80754.00,86655.14,76062.34,97247.95,3263.44,5551.19,0.073076,1
ar1_log_diff,15009,B19013_001E,2019,2021,2,76273.00,87762.99,74575.64,100950.34,4762.74,6448.46,0.150643,1
ar1_log_diff,15009,B19013_001E,2021,2023,2,83691.00,79788.44,65632.76,93944.12,4197.08,7512.34,0.046631,1
ar1_log_diff,15009,B19013_001E,2022,2024,2,101192.00,98380.68,78437.44,118323.92,5538.80,10784.35,0.027782,1
ar1_log_diff,15001,B25058_001E,2015,2017,2,963.00,1046.14,941.23,1151.05,42.13,47.87,0.086336,1
ar1_log_diff,15001,B25058_001E,2016,2018,2,999.00,1076.73,964.56,1188.91,54.38,41.15,0.077811,1
ar1_log_diff,15001,B25058_001E,2017,2019,2,1057.00,1040.62,908.91,1172.33,44.67,66.45,0.015498,1
ar1_log_diff,15001,B25058_001E,2019,2021,2,1149.00,1125.47,977.95,1272.99,63.43,63.39,0.020480,1
ar1_log_diff,15001,B25058_001E,2021,2023,2,1305.00,1231.21,1089.55,1372.86,56.02,65.40,0.056547,1
ar1_log_diff,15001,B25058_001E,2022,2024,2,1459.00,1199.87,1058.35,1341.39,47.75,71.56,0.177608,0
ar1_log_diff,15003,B25058_001E,2015,2017,2,1592.00,1621.53,1562.21,1680.86,33.63,13.03,0.018551,1
ar1_log_diff,15003,B25058_001E,2016,2018,2,1593.00,1453.16,1300.27,1606.06,24.32,89.71,0.087783,1
ar1_log_diff,15003,B25058_001E,2017,2019,2,1647.00,1694.13,1591.70,1796.55,29.11,55.04,0.028614,1
ar1_log_diff,15003,B25058_001E,2019,2021,2,1771.00,1755.07,1650.05,1860.10,34.98,53.41,0.008995,1
ar1_log_diff,15003,B25058_001E,2021,2023,2,1853.00,1887.38,1784.85,1989.91,32.39,53.25,0.018554,1
ar1_log_diff,15003,B25058_001E,2022,2024,2,1856.00,1863.86,1745.13,1982.59,30.64,65.35,0.004233,1
ar1_log_diff,15007,B25058_001E,2015,2017,2,1258.00,1047.68,689.87,1405.49,62.30,208.40,0.167186,1
ar1_log_diff,15007,B25058_001E,2016,2018,2,1184.00,1205.88,682.20,1729.57,58.25,312.98,0.018480,1
ar1_log_diff,15007,B25058_001E,2017,2019,2,1179.00,1307.57,799.91,1815.22,62.55,302.20,0.109047,1
ar1_log_diff,15007,B25058_001E,2019,2021,2,1478.00,1212.68,809.77,1615.59,57.52,238.08,0.179512,1
ar1_log_diff,15007,B25058_001E,2021,2023,2,1692.00,1501.87,990.34,2013.39,133.43,280.88,0.112371,1
ar1_log_diff,15007,B25058_001E,2022,2024,2,1691.00,1699.76,1136.72,2262.80,111.79,323.50,0.005181,1
ar1_log_diff,15009,B25058_001E,2015,2017,2,1247.00,1301.88,1035.91,1567.86,50.54,153.59,0.044011,1
ar1_log_diff,15009,B25058_001E,2016,2018,2,1515.00,1217.97,1020.30,1415.63,31.20,116.04,0.196062,0
ar1_log_diff,15009,B25058_001E,2017,2019,2,1506.00,1266.01,1068.62,1463.39,45.05,111.21,0.159357,0
ar1_log_diff,15009,B25058_001E,2019,2021,2,1422.00,1643.08,1206.73,2079.44,80.91,252.62,0.155473,1
ar1_log_diff,15009,B25058_001E,2021,2023,2,1666.00,1535.27,1118.75,1951.79,97.14,233.83,0.078469,1
ar1_log_diff,15009,B25058_001E,2022,2024,2,1802.00,1555.23,1145.60,1964.86,110.43,223.19,0.136940,1
ar1_log_diff,15001,B25064_001E,2015,2017,2,1107.00,1203.80,1150.74,1256.86,31.73,5.79,0.087444,0
ar1_log_diff,15001,B25064_001E,2016,2018,2,1126.00,1260.23,1175.61,1344.85,51.07,6.13,0.119211,0
ar1_log_diff,15001,B25064_001E,2017,2019,2,1215.00,1191.35,1058.92,1323.79,52.34,61.17,0.019462,1
ar1_log_diff,15001,B25064_001E,2019,2021,2,1328.00,1272.17,1109.73,1434.61,51.56,84.22,0.042042,1
ar1_log_diff,15001,B25064_001E,2021,2023,2,1492.00,1411.89,1228.64,1595.14,59.46,94.20,0.053692,1
ar1_log_diff,15001,B25064_001E,2022,2024,2,1645.00,1387.15,1186.66,1587.63,78.97,92.83,0.156750,0
ar1_log_diff,15003,B25064_001E,2015,2017,2,1712.00,1768.95,1704.20,1833.69,30.86,24.44,0.033265,1
ar1_log_diff,15003,B25064_001E,2016,2018,2,1726.00,1551.51,1392.25,1710.76,27.35,92.87,0.101096,0
ar1_log_diff,15003,B25064_001E,2017,2019,2,1774.00,1813.17,1675.46,1950.88,26.40,79.44,0.022080,1
ar1_log_diff,15003,B25064_001E,2019,2021,2,1884.00,1877.60,1751.12,2004.09,36.67,67.58,0.003395,1
ar1_log_diff,15003,B25064_001E,2021,2023,2,2033.00,1993.48,1874.23,2112.72,29.59,66.17,0.019441,1
ar1_log_diff,15003,B25064_001E,2022,2024,2,2001.00,2027.29,1911.12,2143.46,29.62,64.11,0.013138,1
ar1_log_diff,15007,B25064_001E,2015,2017,2,1416.00,1189.64,922.61,1456.67,71.74,145.61,0.159857,1
ar1_log_diff,15007,B25064_001E,2016,2018,2,1346.00,1395.98,883.86,1908.09,81.93,300.34,0.037129,1
ar1_log_diff,15007,B25064_001E,2017,2019,2,1326.00,1472.53,985.86,1959.20,89.14,282.10,0.110503,1
ar1_log_diff,15007,B25064_001E,2019,2021,2,1639.00,1353.28,935.33,1771.23,116.64,225.72,0.174327,1
ar1_log_diff,15007,B25064_001E,2021,2023,2,1816.00,1648.41,1105.27,2191.55,199.31,263.23,0.092285,1
ar1_log_diff,15007,B25064_001E,2022,2024,2,1866.00,1894.44,1319.36,2469.52,124.08,326.83,0.015241,1
ar1_log_diff,15009,B25064_001E,2015,2017,2,1421.00,1455.68,1181.85,1729.52,43.68,160.63,0.024409,1
ar1_log_diff,15009,B25064_001E,2016,2018,2,1669.00,1312.28,1094.00,1530.56,48.98,123.32,0.213734,0
ar1_log_diff,15009,B25064_001E,2017,2019,2,1615.00,1445.33,1234.50,1656.17,48.85,118.49,0.105056,1
ar1_log_diff,15009,B25064_001E,2019,2021,2,1592.00,1771.92,1333.83,2210.00,74.03,255.82,0.113012,1
ar1_log_diff,15009,B25064_001E,2021,2023,2,1828.00,1713.24,1286.74,2139.74,86.35,244.47,0.062781,1
ar1_log_diff,15009,B25064_001E,2022,2024,2,1944.00,1765.56,1360.00,2171.13,74.26,235.09,0.091789,1
ar1_log_diff,15001,B25077_001E,2015,2017,2,344800.00,337236.02,290649.11,383822.94,11806.06,25742.12,0.021937,1
ar1_log_diff,15001,B25077_001E,2016,2018,2,368200.00,339205.34,300681.91,377728.77,10020.87,21166.21,0.078747,1
ar1_log_diff,15001,B25077_001E,2017,2019,2,381000.00,363804.92,321334.94,406274.90,11591.55,23069.14,0.045131,1
ar1_log_diff,15001,B25077_001E,2019,2021,2,472800.00,408488.47,363500.66,453476.27,11817.09,24663.35,0.136023,0
ar1_log_diff,15001,B25077_001E,2021,2023,2,528800.00,520691.19,448361.63,593020.74,17518.92,40328.52,0.015334,1
ar1_log_diff,15001,B25077_001E,2022,2024,2,580100.00,619211.29,515074.04,723348.55,26564.47,57462.10,0.067422,1
ar1_log_diff,15003,B25077_001E,2015,2017,2,680200.00,679037.45,625015.30,733059.59,5034.86,32451.96,0.001709,1
ar1_log_diff,15003,B25077_001E,2016,2018,2,701200.00,713699.21,664610.79,762787.63,6248.13,29179.54,0.017825,1
ar1_log_diff,15003,B25077_001E,2017,2019,2,739700.00,733335.93,689078.30,777593.57,6586.68,26085.61,0.008604,1
ar1_log_diff,15003,B25077_001E,2019,2021,2,781600.00,800522.93,755455.58,845590.27,9545.30,25679.93,0.024210,1
ar1_log_diff,15003,B25077_001E,2021,2023,2,899300.00,841906.53,797424.61,886388.45,9710.79,25236.86,0.063820,0
ar1_log_diff,15003,B25077_001E,2022,2024,2,920600.00,953843.37,866393.53,1041293.21,8705.95,52443.28,0.036111,1
ar1_log_diff,15007,B25077_001E,2015,2017,2,560600.00,500746.92,377679.14,623814.70,15611.90,73166.17,0.106766,1
ar1_log_diff,15007,B25077_001E,2016,2018,2,627800.00,576022.74,417999.45,734046.03,26405.51,92362.37,0.082474,1
ar1_log_diff,15007,B25077_001E,2017,2019,2,622300.00,590614.99,449643.12,731586.85,24702.81,82059.60,0.050916,1
ar1_log_diff,15007,B25077_001E,2019,2021,2,695100.00,668231.87,532454.54,804009.20,15079.03,81150.34,0.038654,1
ar1_log_diff,15007,B25077_001E,2021,2023,2,888500.00,737956.97,598776.64,877137.31,18973.63,82453.22,0.169435,0
ar1_log_diff,15007,B25077_001E,2022,2024,2,939500.00,919038.20,684725.40,1153351.00,25159.82,140199.73,0.021779,1
ar1_log_diff,15009,B25077_001E,2015,2017,2,641500.00,661007.42,416094.00,905920.83,19525.34,147597.66,0.030409,1
ar1_log_diff,15009,B25077_001E,2016,2018,2,629500.00,681101.72,475315.07,886888.36,15393.63,124147.54,0.081973,1
ar1_log_diff,15009,B25077_001E,2017,2019,2,697900.00,736682.48,543656.04,929708.92,15022.42,116375.72,0.055570,1
ar1_log_diff,15009,B25077_001E,2019,2021,2,744400.00,801557.33,583454.38,1019660.28,19511.70,131141.82,0.076783,1
ar1_log_diff,15009,B25077_001E,2021,2023,2,934500.00,808420.21,604067.47,1012772.95,26564.48,121353.09,0.134917,1
ar1_log_diff,15009,B25077_001E,2022,2024,2,1061300.00,1116467.00,751889.95,1481044.05,26416.98,220047.36,0.051981,1
ensemble,15001,B19013_001E,2015,2017,2,57545.00,63034.11,49185.41,76882.80,2562.68,5951.43,0.095388,1
ensemble,15001,B19013_001E,2016,2018,2,57571.00,60910.24,48691.28,73129.19,1604.96,5475.86,0.058002,1
ensemble,15001,B19013_001E,2017,2019,2,67075.00,60671.63,48305.52,73037.73,1869.93,5454.09,0.095466,1
ensemble,15001,B19013_001E,2019,2021,2,69473.00,69044.82,55341.10,82748.54,2131.36,6025.13,0.006163,1
ensemble,15001,B19013_001E,2021,2023,2,74580.00,74022.06,59978.75,88065.37,2245.56,6150.49,0.007481,1
ensemble,15001,B19013_001E,2022,2024,2,75465.00,77104.96,62989.65,91220.27,2693.82,6004.84,0.021731,1
ensemble,15003,B19013_001E,2015,2017,2,81284.00,81940.93,76829.58,87052.29,1048.60,2295.80,0.008082,1
ensemble,15003,B19013_001E,2016,2018,2,84423.00,85576.40,81015.38,90137.43,931.77,2056.85,0.013662,1
ensemble,15003,B19013_001E,2017,2019,2,87470.00,86627.75,81949.33,91306.17,853.15,2148.89,0.009629,1
ensemble,15003,B19013_001E,2019,2021,2,90704.00,92632.42,87975.05,97289.78,1197.80,1948.29,0.021261,1
ensemble,15003,B19013_001E,2021,2023,2,103131.00,96175.96,91430.79,100921.13,1258.48,1957.54,0.067439,0
ensemble,15003,B19013_001E,2022,2024,2,105205.00,101618.48,96706.35,106530.61,936.62,2206.38,0.034091,1
ensemble,15007,B19013_001E,2015,2017,2,83860.00,83190.51,57139.80,109241.21,2505.21,11997.86,0.007983,1
ensemble,15007,B19013_001E,2016,2018,2,80921.00,79015.50,56872.26,101158.75,5058.44,9003.27,0.023548,1
ensemble,15007,B19013_001E,2017,2019,2,81971.00,89130.03,68397.24,109862.83,3323.62,9128.25,0.087336,1
ensemble,15007,B19013_001E,2019,2021,2,80582.00,88140.66,66478.43,109802.89,5928.92,8190.55,0.093801,1
ensemble,15007,B19013_001E,2021,2023,2,103564.00,86170.25,67702.30,104638.21,3719.14,7782.02,0.167952,1
ensemble,15007,B19013_001E,2022,2024,2,98128.00,91395.18,71544.85,111245.51,4996.03,7805.69,0.068613,1
ensemble,15009,B19013_001E,2015,2017,2,80241.00,74107.74,67095.78,81119.71,1413.98,2947.66,0.076435,1
ensemble,15009,B19013_001E,2016,2018,2,82885.00,76359.07,69157.72,83560.42,2140.29,2588.29,0.078735,1
ensemble,15009,B19013_001E,2017,2019,2,80754.00,84437.55,75174.94,93700.17,2254.86,3688.29,0.045614,1
ensemble,15009,B19013_001E,2019,2021,2,76273.00,86733.16,74719.37,98746.94,3328.48,4505.49,0.137141,1
ensemble,15009,B19013_001E,2021,2023,2,83691.00,80260.50,66492.73,94028.27,3003.16,5683.36,0.040990,1
ensemble,15009,B19013_001E,2022,2024,2,101192.00,96527.10,77447.44,115606.77,3861.46,8020.13,0.046099,1
ensemble,15001,B25058_001E,2015,2017,2,963.00,1031.41,913.81,1149.01,35.01,45.60,0.071037,1
ensemble,15001,B25058_001E,2016,2018,2,999.00,1064.72,939.71,1189.73,44.37,41.39,0.065783,1
ensemble,15001,B25058_001E,2017,2019,2,1057.00,1032.20,887.10,1177.29,35.47,60.07,0.023464,1
ensemble,15001,B25058_001E,2019,2021,2,1149.00,1111.74,952.55,1270.93,48.47,58.18,0.032430,1
ensemble,15001,B25058_001E,2021,2023,2,1305.00,1212.15,1058.58,1365.71,43.05,59.19,0.071152,1
ensemble,15001,B25058_001E,2022,2024,2,1459.00,1186.82,1033.64,1339.99,36.68,63.06,0.186555,0
ensemble,15003,B25058_001E,2015,2017,2,1592.00,1591.79,1534.32,1649.27,23.53,12.89,0.000131,1
ensemble,15003,B25058_001E,2016,2018,2,1593.00,1523.51,1419.67,1627.35,19.85,45.28,0.043622,1
ensemble,15003,B25058_001E,2017,2019,2,1647.00,1663.78,1567.11,1760.45,20.26,40.27,0.010187,1
ensemble,15003,B25058_001E,2019,2021,2,1771.00,1723.56,1626.10,1821.02,24.30,38.40,0.026789,1
ensemble,15003,B25058_001E,2021,2023,2,1853.00,1846.13,1746.00,1946.26,22.66,40.91,0.003710,1
ensemble,15003,B25058_001E,2022,2024,2,1856.00,1825.98,1715.52,1936.44,21.24,46.92,0.016175,1
ensemble,15007,B25058_001E,2015,2017,2,1258.00,1055.16,663.38,1446.94,49.18,181.10,0.161241,1
ensemble,15007,B25058_001E,2016,2018,2,1184.00,1199.68,667.78,1731.59,42.08,245.76,0.013244,1
ensemble,15007,B25058_001E,2017,2019,2,1179.00,1304.89,779.02,1830.77,45.92,242.99,0.106779,1
ensemble,15007,B25058_001E,2019,2021,2,1478.00,1214.80,798.03,1631.57,42.29,191.32,0.178081,1
ensemble,15007,B25058_001E,2021,2023,2,1692.00,1474.47,943.45,2005.50,97.11,230.17,0.128562,1
ensemble,15007,B25058_001E,2022,2024,2,1691.00,1689.99,1098.34,2281.65,82.95,266.47,0.000597,1
ensemble,15009,B25058_001E,2015,2017,2,1247.00,1277.85,1027.56,1528.15,35.15,111.30,0.024742,1
ensemble,15009,B25058_001E,2016,2018,2,1515.00,1214.08,1004.79,1423.36,23.37,96.11,0.198628,0
ensemble,15009,B25058_001E,2017,2019,2,1506.00,1262.98,1056.80,1469.17,33.31,91.24,0.161365,0
ensemble,15009,B25058_001E,2019,2021,2,1422.00,1625.95,1242.25,2009.65,56.80,169.79,0.143427,1
ensemble,15009,B25058_001E,2021,2023,2,1666.00,1543.68,1143.43,1943.92,69.29,173.43,0.073422,1
ensemble,15009,B25058_001E,2022,2024,2,1802.00,1538.06,1146.80,1929.33,77.51,165.25,0.146468,1
ensemble,15001,B25064_001E,2015,2017,2,1107.00,1200.08,1140.87,1259.30,30.06,8.97,0.084087,0
ensemble,15001,B25064_001E,2016,2018,2,1126.00,1252.63,1156.93,1348.34,44.74,17.08,0.112464,0
ensemble,15001,B25064_001E,2017,2019,2,1215.00,1184.20,1037.03,1331.37,42.45,57.22,0.025349,1
ensemble,15001,B25064_001E,2019,2021,2,1328.00,1255.86,1083.25,1428.47,38.57,71.98,0.054320,1
ensemble,15001,B25064_001E,2021,2023,2,1492.00,1383.43,1192.13,1574.73,43.45,78.93,0.072770,1
ensemble,15001,B25064_001E,2022,2024,2,1645.00,1366.92,1160.82,1573.02,57.15,78.12,0.169046,0
ensemble,15003,B25064_001E,2015,2017,2,1712.00,1735.98,1677.55,1794.42,21.42,16.85,0.014009,1
ensemble,15003,B25064_001E,2016,2018,2,1726.00,1641.90,1525.51,1758.29,21.96,50.43,0.048724,1
ensemble,15003,B25064_001E,2017,2019,2,1774.00,1772.36,1660.86,1883.86,18.62,48.82,0.000925,1
ensemble,15003,B25064_001E,2019,2021,2,1884.00,1840.14,1733.89,1946.40,25.69,42.52,0.023279,1
ensemble,15003,B25064_001E,2021,2023,2,2033.00,1946.40,1839.81,2052.98,20.44,45.32,0.042598,1
ensemble,15003,B25064_001E,2022,2024,2,2001.00,1988.66,1884.71,2092.62,20.56,43.91,0.006166,1
ensemble,15007,B25064_001E,2015,2017,2,1416.00,1196.92,895.58,1498.26,61.77,135.93,0.154718,1
ensemble,15007,B25064_001E,2016,2018,2,1346.00,1392.87,852.57,1933.17,61.17,247.68,0.034822,1
ensemble,15007,B25064_001E,2017,2019,2,1326.00,1471.23,953.16,1989.31,67.27,235.84,0.109527,1
ensemble,15007,B25064_001E,2019,2021,2,1639.00,1356.10,918.22,1793.97,86.70,187.30,0.172606,1
ensemble,15007,B25064_001E,2021,2023,2,1816.00,1622.50,1053.97,2191.03,146.43,224.38,0.106554,1
ensemble,15007,B25064_001E,2022,2024,2,1866.00,1887.17,1273.34,2501.00,93.79,275.28,0.011345,1
ensemble,15009,B25064_001E,2015,2017,2,1421.00,1427.39,1153.61,1701.16,30.94,124.31,0.004494,1
ensemble,15009,B25064_001E,2016,2018,2,1669.00,1310.16,1069.99,1550.33,38.89,108.63,0.215003,0
ensemble,15009,B25064_001E,2017,2019,2,1615.00,1438.55,1206.07,1671.03,38.91,104.86,0.109257,1
ensemble,15009,B25064_001E,2019,2021,2,1592.00,1754.77,1339.04,2170.50,51.97,186.81,0.102243,1
ensemble,15009,B25064_001E,2021,2023,2,1828.00,1712.10,1291.32,2132.88,61.72,186.71,0.063402,1
ensemble,15009,B25064_001E,2022,2024,2,1944.00,1745.11,1344.63,2145.59,52.62,179.63,0.102309,1
ensemble,15001,B25077_001E,2015,2017,2,344800.00,327319.89,281441.41,373198.38,8233.96,19793.41,0.050696,1
ensemble,15001,B25077_001E,2016,2018,2,368200.00,335355.36,295806.46,374904.26,7259.58,17090.60,0.089203,1
ensemble,15001,B25077_001E,2017,2019,2,381000.00,358525.50,316799.29,400251.72,8176.54,17696.51,0.058988,1
ensemble,15001,B25077_001E,2019,2021,2,472800.00,404267.82,361009.77,447525.87,8311.61,18394.70,0.144950,0
ensemble,15001,B25077_001E,2021,2023,2,528800.00,497512.37,430389.39,564635.36,11857.90,28962.55,0.059167,1
ensemble,15001,B25077_001E,2022,2024,2,580100.00,587199.12,495976.20,678422.05,17831.84,38657.36,0.012238,1
ensemble,15003,B25077_001E,2015,2017,2,680200.00,659150.12,606750.17,711550.08,3491.12,24210.93,0.030947,1
ensemble,15003,B25077_001E,2016,2018,2,701200.00,697896.32,649612.77,746179.87,4381.48,22129.97,0.004711,1
ensemble,15003,B25077_001E,2017,2019,2,739700.00,723171.16,678374.81,767967.51,4717.38,20452.34,0.022345,1
ensemble,15003,B25077_001E,2019,2021,2,781600.00,787666.95,742060.21,833273.68,6824.45,20249.42,0.007762,1
ensemble,15003,B25077_001E,2021,2023,2,899300.00,829090.69,783536.43,874644.95,7003.45,20200.14,0.078071,0
ensemble,15003,B25077_001E,2022,2024,2,920600.00,921494.11,847020.32,995967.91,5985.14,34277.91,0.000971,1
ensemble,15007,B25077_001E,2015,2017,2,560600.00,497465.24,393829.43,601101.04,11099.02,47161.38,0.112620,1
ensemble,15007,B25077_001E,2016,2018,2,627800.00,563970.85,436931.76,691009.94,18697.26,56552.89,0.101671,1
ensemble,15007,B25077_001E,2017,2019,2,622300.00,585453.08,468278.53,702627.63,17576.16,51925.45,0.059211,1
ensemble,15007,B25077_001E,2019,2021,2,695100.00,664902.37,547942.22,781862.51,10685.28,53563.29,0.043444,1
ensemble,15007,B25077_001E,2021,2023,2,888500.00,726345.54,606775.45,845915.63,13291.99,54239.15,0.182504,0
ensemble,15007,B25077_001E,2022,2024,2,939500.00,893170.61,706163.84,1080177.38,17701.22,85921.33,0.049313,1
ensemble,15009,B25077_001E,2015,2017,2,641500.00,588340.97,400904.39,775777.55,12559.49,87319.84,0.082867,1
ensemble,15009,B25077_001E,2016,2018,2,629500.00,639467.54,467045.11,811889.97,10287.00,79970.92,0.015834,1
ensemble,15009,B25077_001E,2017,2019,2,697900.00,698192.88,532405.69,863980.07,10100.54,76768.62,0.000420,1
ensemble,15009,B25077_001E,2019,2021,2,744400.00,755155.65,578994.93,931316.36,13199.53,81505.83,0.014449,1
ensemble,15009,B25077_001E,2021,2023,2,934500.00,789942.02,615138.66,964745.38,18476.92,79538.46,0.154690,1
ensemble,15009,B25077_001E,2022,2024,2,1061300.00,995868.89,747529.19,1244208.59,17722.01,116852.86,0.061652,1
